{
  "eye": {
    "orientation": [
      -0.14922387897968292,
      -0.0954897329211235,
      -0.26449885964393616,
      0.9479738473892212
    ],
    "magnitude": 1,
    "position": [
      800.8140869140625,
      104.67306518554688,
      328.3614501953125
    ]
  },
  "radius": 793.2212524414062,
  "type": "PERSPECTIVE"
}